{
  "main": {
    "id": "f68a0bc454c2c362",
    "type": "split",
    "children": [
      {
        "id": "cc05c3509d34abbe",
        "type": "tabs",
        "children": [
          {
            "id": "1ac84ca439356b2c",
            "type": "leaf",
            "pane-relief:history-v1": {
              "pos": 0,
              "stack": [
                {
                  "state": "{}",
                  "eState": "{}"
                }
              ]
            },
            "state": {
              "type": "markdown",
              "state": {
                "file": "Z/README.md",
                "mode": "preview",
                "source": false
              }
            }
          }
        ]
      }
    ],
    "direction": "vertical"
  },
  "left": {
    "id": "13c490304c39d58a",
    "type": "split",
    "children": [
      {
        "id": "62dff5de86b81328",
        "type": "tabs",
        "children": [
          {
            "id": "de93ceff1b1d79ae",
            "type": "leaf",
            "pane-relief:history-v1": {
              "pos": 0,
              "stack": [
                {
                  "state": "{}",
                  "eState": "{}"
                }
              ]
            },
            "state": {
              "type": "file-explorer",
              "state": {
                "sortOrder": "alphabeticalReverse"
              }
            }
          },
          {
            "id": "4713cb3e0b44ad76",
            "type": "leaf",
            "pane-relief:history-v1": {
              "pos": 0,
              "stack": [
                {
                  "state": "{}",
                  "eState": "{}"
                }
              ]
            },
            "state": {
              "type": "search",
              "state": {
                "query": "",
                "matchingCase": false,
                "explainSearch": false,
                "collapseAll": false,
                "extraContext": false,
                "sortOrder": "alphabetical"
              }
            }
          },
          {
            "id": "79eeacbb6d2dd449",
            "type": "leaf",
            "pane-relief:history-v1": {
              "pos": 0,
              "stack": [
                {
                  "state": "{}",
                  "eState": "{}"
                }
              ]
            },
            "state": {
              "type": "starred",
              "state": {}
            }
          },
          {
            "id": "d9a5585c2e7bcb8a",
            "type": "leaf",
            "pane-relief:history-v1": {
              "pos": 0,
              "stack": [
                {
                  "state": "{}",
                  "eState": "{}"
                }
              ]
            },
            "state": {
              "type": "recent-files",
              "state": {}
            }
          },
          {
            "id": "7306d934748cd29f",
            "type": "leaf",
            "pane-relief:history-v1": {
              "pos": 0,
              "stack": [
                {
                  "state": "{}",
                  "eState": "{}"
                }
              ]
            },
            "state": {
              "type": "bookmarks",
              "state": {}
            }
          }
        ]
      }
    ],
    "direction": "horizontal",
    "width": 300
  },
  "right": {
    "id": "93756350033c5c82",
    "type": "split",
    "children": [
      {
        "id": "22af1dc5d11f77b4",
        "type": "tabs",
        "children": [
          {
            "id": "2c99f4d152dbd999",
            "type": "leaf",
            "pane-relief:history-v1": {
              "pos": 0,
              "stack": [
                {
                  "state": "{}",
                  "eState": "{}"
                }
              ]
            },
            "state": {
              "type": "backlink",
              "state": {
                "file": "Z/README.md",
                "collapseAll": false,
                "extraContext": false,
                "sortOrder": "alphabetical",
                "showSearch": false,
                "searchQuery": "",
                "backlinkCollapsed": false,
                "unlinkedCollapsed": true
              }
            }
          },
          {
            "id": "0ac16763014e1ee4",
            "type": "leaf",
            "pane-relief:history-v1": {
              "pos": 0,
              "stack": [
                {
                  "state": "{}",
                  "eState": "{}"
                }
              ]
            },
            "state": {
              "type": "outgoing-link",
              "state": {
                "file": "Z/README.md",
                "linksCollapsed": false,
                "unlinkedCollapsed": true
              }
            }
          },
          {
            "id": "e2cb4d4d0e6c5b74",
            "type": "leaf",
            "pane-relief:history-v1": {
              "pos": 0,
              "stack": [
                {
                  "state": "{}",
                  "eState": "{}"
                }
              ]
            },
            "state": {
              "type": "tag",
              "state": {
                "sortOrder": "frequency",
                "useHierarchy": true
              }
            }
          },
          {
            "id": "5dd99a5891c51275",
            "type": "leaf",
            "pane-relief:history-v1": {
              "pos": 0,
              "stack": [
                {
                  "state": "{}",
                  "eState": "{}"
                }
              ]
            },
            "state": {
              "type": "outline",
              "state": {
                "file": "Z/README.md"
              }
            }
          },
          {
            "id": "bc946654fae1c3d3",
            "type": "leaf",
            "pane-relief:history-v1": {
              "pos": 0,
              "stack": [
                {
                  "state": "{}",
                  "eState": "{}"
                }
              ]
            },
            "state": {
              "type": "graph-analysis",
              "state": {}
            }
          },
          {
            "id": "4af590c66374e656",
            "type": "leaf",
            "pane-relief:history-v1": {
              "pos": 0,
              "stack": [
                {
                  "state": "{}",
                  "eState": "{}"
                }
              ]
            },
            "state": {
              "type": "calendar",
              "state": {}
            }
          },
          {
            "id": "c7dd0af0f12f176f",
            "type": "leaf",
            "pane-relief:history-v1": {
              "pos": 0,
              "stack": [
                {
                  "state": "{}",
                  "eState": "{}"
                }
              ]
            },
            "state": {
              "type": "Strange New Worlds",
              "state": {}
            }
          },
          {
            "id": "c3f95fa0f9f0538a",
            "type": "leaf",
            "pane-relief:history-v1": {
              "pos": 0,
              "stack": [
                {
                  "state": "{}",
                  "eState": "{}"
                }
              ]
            },
            "state": {
              "type": "graph-analysis",
              "state": {}
            }
          }
        ],
        "currentTab": 7
      }
    ],
    "direction": "horizontal",
    "width": 300,
    "collapsed": true
  },
  "left-ribbon": {
    "hiddenItems": {
      "publish:Publish changes...": false,
      "switcher:Open quick switcher": false,
      "graph:Open graph view": false,
      "canvas:Create new canvas": false,
      "command-palette:Open command palette": false,
      "workspaces:Manage workspace layouts": false,
      "obsidian42-text-transporter:Obsidian42 - Text Transporter": false,
      "periodic-notes:Open today": false,
      "smart-random-note:Open Random Note from Search": false,
      "templater-obsidian:Templater": false,
      "table-editor-obsidian:Advanced Tables Toolbar": false,
      "obsidian-excalidraw-plugin:Create new drawing": false,
      "obsidian42-brat:BRAT": false,
      "dbfolder:Create a new database table": false
    }
  },
  "active": "1ac84ca439356b2c",
  "lastOpenFiles": [
    "Utility/♻️ Flows.md",
    "Utility/✏️ Workbench.md",
    "Utility/📊️ Dashboard.md",
    "Utility/🖥️ Research.md",
    "Utility/🖥️ ZK Processing.md",
    "Utility/🛠️ Tools.md",
    "Media/Pasted image 20210323185756.png",
    "Media/Pasted image 20210818235315.png",
    "Media/Pasted image 20210215222602.png",
    "Media/Pasted image 20201130004344.png",
    "Z/INDEX.md",
    "Media/20210201130520.png",
    "Media/20210201130515.png",
    "Z/+.md",
    "Z/=.md",
    "Z/;.md",
    "Media/20210201130524.png",
    "Media/20210201130530.png",
    "Media/20210201130534.png",
    "Media/20210201130537.png",
    "Z/README.md",
    "Templates/Inputs/Paper.md",
    "Z/💭️ Life Philosophy.md"
  ]
}